transaction_type,total_revenue_gbp,total_cost_gbp,profit_gbp,transaction_count,average_profit
CASH_WITHDRAWAL,-754.6866163899997,1631.7737315036825,-2386.4603478936824,1569,-1.52
ECOM_PURCHASE,533.8415269100001,-40.932754403766,574.7742813137661,2790,0.21
POS_PURCHASE,890.3859535700001,568.339637357551,322.04631621244914,13029,0.02
