profile_address_country,user_count,avg_12_month_ltv
DK,12,6.438333333333333
CH,53,6.400377358490567
HU,36,4.459722222222222
IT,19,3.3194736842105255
ES,51,-0.8196078431372543
CZ,23,-5.93304347826087
GB,462,-6.758051948051949
IE,23,-7.852173913043478
PL,15,-8.862666666666666
DE,78,-13.55397435897436
SE,20,-13.732999999999999
PT,18,-13.867777777777778
RO,15,-18.501333333333335
FR,58,-18.880862068965516
EE,37,-19.069729729729726
NL,32,-22.0375
